<?xml version="1.0" encoding="utf-8"?>
<xsd:schema xmlns:xsd="http://www.w3.org/2001/XMLSchema" version="1.0">
 <xsd:element name="CLFMAS01">
  <xsd:annotation>
   <xsd:documentation>Master object classification</xsd:documentation>
  </xsd:annotation>
  <xsd:complexType>
   <xsd:sequence>
    <xsd:element name="IDOC">
     <xsd:complexType>
      <xsd:sequence>
       <xsd:element name="EDI_DC40">
        <xsd:annotation>
         <xsd:documentation>IDoc Control Record for Interface to External System</xsd:documentation>
        </xsd:annotation>
        <xsd:complexType>
         <xsd:sequence>
          <xsd:element name="TABNAM" type="xsd:string" fixed="EDI_DC40">
           <xsd:annotation>
            <xsd:documentation>Name of table structure</xsd:documentation>
           </xsd:annotation>
          </xsd:element>
          <xsd:element name="MANDT" minOccurs="0">
           <xsd:annotation>
            <xsd:documentation>Client</xsd:documentation>
           </xsd:annotation>
           <xsd:simpleType>
            <xsd:restriction base="xsd:string">
             <xsd:maxLength value="3"/>
            </xsd:restriction>
           </xsd:simpleType>
          </xsd:element>
          <xsd:element name="DOCNUM" minOccurs="0">
           <xsd:annotation>
            <xsd:documentation>IDoc number</xsd:documentation>
           </xsd:annotation>
           <xsd:simpleType>
            <xsd:restriction base="xsd:string">
             <xsd:maxLength value="16"/>
            </xsd:restriction>
           </xsd:simpleType>
          </xsd:element>
          <xsd:element name="DOCREL" minOccurs="0">
           <xsd:annotation>
            <xsd:documentation>SAP Release for IDoc</xsd:documentation>
           </xsd:annotation>
           <xsd:simpleType>
            <xsd:restriction base="xsd:string">
             <xsd:maxLength value="4"/>
            </xsd:restriction>
           </xsd:simpleType>
          </xsd:element>
          <xsd:element name="STATUS" minOccurs="0">
           <xsd:annotation>
            <xsd:documentation>Status of IDoc</xsd:documentation>
           </xsd:annotation>
           <xsd:simpleType>
            <xsd:restriction base="xsd:string">
             <xsd:maxLength value="2"/>
            </xsd:restriction>
           </xsd:simpleType>
          </xsd:element>
          <xsd:element name="DIRECT">
           <xsd:annotation>
            <xsd:documentation>Direction</xsd:documentation>
           </xsd:annotation>
           <xsd:simpleType>
            <xsd:restriction base="xsd:string">
             <xsd:enumeration value="1">
              <xsd:annotation>
               <xsd:documentation>Outbound</xsd:documentation>
              </xsd:annotation>
             </xsd:enumeration>
             <xsd:enumeration value="2">
              <xsd:annotation>
               <xsd:documentation>Inbound</xsd:documentation>
              </xsd:annotation>
             </xsd:enumeration>
            </xsd:restriction>
           </xsd:simpleType>
          </xsd:element>
          <xsd:element name="OUTMOD" minOccurs="0">
           <xsd:annotation>
            <xsd:documentation>Output mode</xsd:documentation>
           </xsd:annotation>
           <xsd:simpleType>
            <xsd:restriction base="xsd:string">
             <xsd:maxLength value="1"/>
            </xsd:restriction>
           </xsd:simpleType>
          </xsd:element>
          <xsd:element name="EXPRSS" minOccurs="0">
           <xsd:annotation>
            <xsd:documentation>Overriding in inbound processing</xsd:documentation>
           </xsd:annotation>
           <xsd:simpleType>
            <xsd:restriction base="xsd:string">
             <xsd:maxLength value="1"/>
            </xsd:restriction>
           </xsd:simpleType>
          </xsd:element>
          <xsd:element name="TEST" minOccurs="0">
           <xsd:annotation>
            <xsd:documentation>Test flag</xsd:documentation>
           </xsd:annotation>
           <xsd:simpleType>
            <xsd:restriction base="xsd:string">
             <xsd:maxLength value="1"/>
            </xsd:restriction>
           </xsd:simpleType>
          </xsd:element>
          <xsd:element name="IDOCTYP" type="xsd:string" fixed="CLFMAS01">
           <xsd:annotation>
            <xsd:documentation>Name of basic type</xsd:documentation>
           </xsd:annotation>
          </xsd:element>
          <xsd:element name="CIMTYP" minOccurs="0">
           <xsd:annotation>
            <xsd:documentation>Extension (defined by customer)</xsd:documentation>
           </xsd:annotation>
           <xsd:simpleType>
            <xsd:restriction base="xsd:string">
             <xsd:maxLength value="30"/>
            </xsd:restriction>
           </xsd:simpleType>
          </xsd:element>
          <xsd:element name="MESTYP" minOccurs="0">
           <xsd:annotation>
            <xsd:documentation>Message type</xsd:documentation>
           </xsd:annotation>
           <xsd:simpleType>
            <xsd:restriction base="xsd:string">
             <xsd:maxLength value="30"/>
            </xsd:restriction>
           </xsd:simpleType>
          </xsd:element>
          <xsd:element name="MESCOD" minOccurs="0">
           <xsd:annotation>
            <xsd:documentation>Message code</xsd:documentation>
           </xsd:annotation>
           <xsd:simpleType>
            <xsd:restriction base="xsd:string">
             <xsd:maxLength value="3"/>
            </xsd:restriction>
           </xsd:simpleType>
          </xsd:element>
          <xsd:element name="MESFCT" minOccurs="0">
           <xsd:annotation>
            <xsd:documentation>Message function</xsd:documentation>
           </xsd:annotation>
           <xsd:simpleType>
            <xsd:restriction base="xsd:string">
             <xsd:maxLength value="3"/>
            </xsd:restriction>
           </xsd:simpleType>
          </xsd:element>
          <xsd:element name="STD" minOccurs="0">
           <xsd:annotation>
            <xsd:documentation>EDI standard, flag</xsd:documentation>
           </xsd:annotation>
           <xsd:simpleType>
            <xsd:restriction base="xsd:string">
             <xsd:maxLength value="1"/>
            </xsd:restriction>
           </xsd:simpleType>
          </xsd:element>
          <xsd:element name="STDVRS" minOccurs="0">
           <xsd:annotation>
            <xsd:documentation>EDI standard, version and release</xsd:documentation>
           </xsd:annotation>
           <xsd:simpleType>
            <xsd:restriction base="xsd:string">
             <xsd:maxLength value="6"/>
            </xsd:restriction>
           </xsd:simpleType>
          </xsd:element>
          <xsd:element name="STDMES" minOccurs="0">
           <xsd:annotation>
            <xsd:documentation>EDI message type</xsd:documentation>
           </xsd:annotation>
           <xsd:simpleType>
            <xsd:restriction base="xsd:string">
             <xsd:maxLength value="6"/>
            </xsd:restriction>
           </xsd:simpleType>
          </xsd:element>
          <xsd:element name="SNDPOR">
           <xsd:annotation>
            <xsd:documentation>Sender port (SAP System, external subsystem)</xsd:documentation>
           </xsd:annotation>
           <xsd:simpleType>
            <xsd:restriction base="xsd:string">
             <xsd:maxLength value="10"/>
            </xsd:restriction>
           </xsd:simpleType>
          </xsd:element>
          <xsd:element name="SNDPRT">
           <xsd:annotation>
            <xsd:documentation>Partner type of sender</xsd:documentation>
           </xsd:annotation>
           <xsd:simpleType>
            <xsd:restriction base="xsd:string">
             <xsd:maxLength value="2"/>
            </xsd:restriction>
           </xsd:simpleType>
          </xsd:element>
          <xsd:element name="SNDPFC" minOccurs="0">
           <xsd:annotation>
            <xsd:documentation>Partner Function of Sender</xsd:documentation>
           </xsd:annotation>
           <xsd:simpleType>
            <xsd:restriction base="xsd:string">
             <xsd:maxLength value="2"/>
            </xsd:restriction>
           </xsd:simpleType>
          </xsd:element>
          <xsd:element name="SNDPRN">
           <xsd:annotation>
            <xsd:documentation>Partner Number of Sender</xsd:documentation>
           </xsd:annotation>
           <xsd:simpleType>
            <xsd:restriction base="xsd:string">
             <xsd:maxLength value="10"/>
            </xsd:restriction>
           </xsd:simpleType>
          </xsd:element>
          <xsd:element name="SNDSAD" minOccurs="0">
           <xsd:annotation>
            <xsd:documentation>Sender address (SADR)</xsd:documentation>
           </xsd:annotation>
           <xsd:simpleType>
            <xsd:restriction base="xsd:string">
             <xsd:maxLength value="21"/>
            </xsd:restriction>
           </xsd:simpleType>
          </xsd:element>
          <xsd:element name="SNDLAD" minOccurs="0">
           <xsd:annotation>
            <xsd:documentation>Logical address of sender</xsd:documentation>
           </xsd:annotation>
           <xsd:simpleType>
            <xsd:restriction base="xsd:string">
             <xsd:maxLength value="70"/>
            </xsd:restriction>
           </xsd:simpleType>
          </xsd:element>
          <xsd:element name="RCVPOR">
           <xsd:annotation>
            <xsd:documentation>Receiver port</xsd:documentation>
           </xsd:annotation>
           <xsd:simpleType>
            <xsd:restriction base="xsd:string">
             <xsd:maxLength value="10"/>
            </xsd:restriction>
           </xsd:simpleType>
          </xsd:element>
          <xsd:element name="RCVPRT" minOccurs="0">
           <xsd:annotation>
            <xsd:documentation>Partner Type of receiver</xsd:documentation>
           </xsd:annotation>
           <xsd:simpleType>
            <xsd:restriction base="xsd:string">
             <xsd:maxLength value="2"/>
            </xsd:restriction>
           </xsd:simpleType>
          </xsd:element>
          <xsd:element name="RCVPFC" minOccurs="0">
           <xsd:annotation>
            <xsd:documentation>Partner function of recipient</xsd:documentation>
           </xsd:annotation>
           <xsd:simpleType>
            <xsd:restriction base="xsd:string">
             <xsd:maxLength value="2"/>
            </xsd:restriction>
           </xsd:simpleType>
          </xsd:element>
          <xsd:element name="RCVPRN">
           <xsd:annotation>
            <xsd:documentation>Partner number of recipient</xsd:documentation>
           </xsd:annotation>
           <xsd:simpleType>
            <xsd:restriction base="xsd:string">
             <xsd:maxLength value="10"/>
            </xsd:restriction>
           </xsd:simpleType>
          </xsd:element>
          <xsd:element name="RCVSAD" minOccurs="0">
           <xsd:annotation>
            <xsd:documentation>Recipient address (SADR)</xsd:documentation>
           </xsd:annotation>
           <xsd:simpleType>
            <xsd:restriction base="xsd:string">
             <xsd:maxLength value="21"/>
            </xsd:restriction>
           </xsd:simpleType>
          </xsd:element>
          <xsd:element name="RCVLAD" minOccurs="0">
           <xsd:annotation>
            <xsd:documentation>Logical address of recipient</xsd:documentation>
           </xsd:annotation>
           <xsd:simpleType>
            <xsd:restriction base="xsd:string">
             <xsd:maxLength value="70"/>
            </xsd:restriction>
           </xsd:simpleType>
          </xsd:element>
          <xsd:element name="CREDAT" minOccurs="0">
           <xsd:annotation>
            <xsd:documentation>Created on</xsd:documentation>
           </xsd:annotation>
           <xsd:simpleType>
            <xsd:restriction base="xsd:string">
             <xsd:maxLength value="8"/>
            </xsd:restriction>
           </xsd:simpleType>
          </xsd:element>
          <xsd:element name="CRETIM" minOccurs="0">
           <xsd:annotation>
            <xsd:documentation>Time Created</xsd:documentation>
           </xsd:annotation>
           <xsd:simpleType>
            <xsd:restriction base="xsd:string">
             <xsd:maxLength value="6"/>
            </xsd:restriction>
           </xsd:simpleType>
          </xsd:element>
          <xsd:element name="REFINT" minOccurs="0">
           <xsd:annotation>
            <xsd:documentation>Transmission file (EDI Interchange)</xsd:documentation>
           </xsd:annotation>
           <xsd:simpleType>
            <xsd:restriction base="xsd:string">
             <xsd:maxLength value="14"/>
            </xsd:restriction>
           </xsd:simpleType>
          </xsd:element>
          <xsd:element name="REFGRP" minOccurs="0">
           <xsd:annotation>
            <xsd:documentation>Message group (EDI Message Group)</xsd:documentation>
           </xsd:annotation>
           <xsd:simpleType>
            <xsd:restriction base="xsd:string">
             <xsd:maxLength value="14"/>
            </xsd:restriction>
           </xsd:simpleType>
          </xsd:element>
          <xsd:element name="REFMES" minOccurs="0">
           <xsd:annotation>
            <xsd:documentation>Message (EDI Message)</xsd:documentation>
           </xsd:annotation>
           <xsd:simpleType>
            <xsd:restriction base="xsd:string">
             <xsd:maxLength value="14"/>
            </xsd:restriction>
           </xsd:simpleType>
          </xsd:element>
          <xsd:element name="ARCKEY" minOccurs="0">
           <xsd:annotation>
            <xsd:documentation>Key for external message archive</xsd:documentation>
           </xsd:annotation>
           <xsd:simpleType>
            <xsd:restriction base="xsd:string">
             <xsd:maxLength value="70"/>
            </xsd:restriction>
           </xsd:simpleType>
          </xsd:element>
          <xsd:element name="SERIAL" minOccurs="0">
           <xsd:annotation>
            <xsd:documentation>Serialization</xsd:documentation>
           </xsd:annotation>
           <xsd:simpleType>
            <xsd:restriction base="xsd:string">
             <xsd:maxLength value="20"/>
            </xsd:restriction>
           </xsd:simpleType>
          </xsd:element>
         </xsd:sequence>
         <xsd:attribute name="SEGMENT" use="required">
          <xsd:simpleType>
           <xsd:restriction base="xsd:string">
            <xsd:enumeration value="1"/>
           </xsd:restriction>
          </xsd:simpleType>
         </xsd:attribute>
        </xsd:complexType>
       </xsd:element>
       <xsd:element name="E1OCLFM">
        <xsd:annotation>
         <xsd:documentation>Master Object Classification</xsd:documentation>
        </xsd:annotation>
        <xsd:complexType>
         <xsd:sequence>
          <xsd:element name="MSGFN" minOccurs="0">
           <xsd:annotation>
            <xsd:documentation>Function</xsd:documentation>
           </xsd:annotation>
           <xsd:simpleType>
            <xsd:restriction base="xsd:string">
             <xsd:maxLength value="3"/>
            </xsd:restriction>
           </xsd:simpleType>
          </xsd:element>
          <xsd:element name="OBTAB" minOccurs="0">
           <xsd:annotation>
            <xsd:documentation>Name of database table for object</xsd:documentation>
           </xsd:annotation>
           <xsd:simpleType>
            <xsd:restriction base="xsd:string">
             <xsd:maxLength value="10"/>
            </xsd:restriction>
           </xsd:simpleType>
          </xsd:element>
          <xsd:element name="OBJEK" minOccurs="0">
           <xsd:annotation>
            <xsd:documentation>Key of object to be classified</xsd:documentation>
           </xsd:annotation>
           <xsd:simpleType>
            <xsd:restriction base="xsd:string">
             <xsd:maxLength value="50"/>
            </xsd:restriction>
           </xsd:simpleType>
          </xsd:element>
          <xsd:element name="KLART" minOccurs="0">
           <xsd:annotation>
            <xsd:documentation>Class Type</xsd:documentation>
           </xsd:annotation>
           <xsd:simpleType>
            <xsd:restriction base="xsd:string">
             <xsd:maxLength value="3"/>
            </xsd:restriction>
           </xsd:simpleType>
          </xsd:element>
          <xsd:element name="MAFID" minOccurs="0">
           <xsd:annotation>
            <xsd:documentation>Indicator: object/class</xsd:documentation>
           </xsd:annotation>
           <xsd:simpleType>
            <xsd:restriction base="xsd:string">
             <xsd:maxLength value="1"/>
            </xsd:restriction>
           </xsd:simpleType>
          </xsd:element>
          <xsd:element name="OBJECT_TABLE" minOccurs="0">
           <xsd:annotation>
            <xsd:documentation>Name of database table for object</xsd:documentation>
           </xsd:annotation>
           <xsd:simpleType>
            <xsd:restriction base="xsd:string">
             <xsd:maxLength value="30"/>
            </xsd:restriction>
           </xsd:simpleType>
          </xsd:element>
          <xsd:element name="E1KSSKM" minOccurs="0" maxOccurs="9999">
           <xsd:annotation>
            <xsd:documentation>Distribution Classification: Object Class Assignment</xsd:documentation>
           </xsd:annotation>
           <xsd:complexType>
            <xsd:sequence>
             <xsd:element name="MSGFN" minOccurs="0">
              <xsd:annotation>
               <xsd:documentation>Function</xsd:documentation>
              </xsd:annotation>
              <xsd:simpleType>
               <xsd:restriction base="xsd:string">
                <xsd:maxLength value="3"/>
               </xsd:restriction>
              </xsd:simpleType>
             </xsd:element>
             <xsd:element name="CLASS" minOccurs="0">
              <xsd:annotation>
               <xsd:documentation>Class Number</xsd:documentation>
              </xsd:annotation>
              <xsd:simpleType>
               <xsd:restriction base="xsd:string">
                <xsd:maxLength value="18"/>
               </xsd:restriction>
              </xsd:simpleType>
             </xsd:element>
             <xsd:element name="AENNR" minOccurs="0">
              <xsd:annotation>
               <xsd:documentation>Change Number</xsd:documentation>
              </xsd:annotation>
              <xsd:simpleType>
               <xsd:restriction base="xsd:string">
                <xsd:maxLength value="12"/>
               </xsd:restriction>
              </xsd:simpleType>
             </xsd:element>
             <xsd:element name="DATUV" minOccurs="0">
              <xsd:annotation>
               <xsd:documentation>Valid-From Date</xsd:documentation>
              </xsd:annotation>
              <xsd:simpleType>
               <xsd:restriction base="xsd:string">
                <xsd:maxLength value="8"/>
               </xsd:restriction>
              </xsd:simpleType>
             </xsd:element>
             <xsd:element name="STATU" minOccurs="0">
              <xsd:annotation>
               <xsd:documentation>Classification status</xsd:documentation>
              </xsd:annotation>
              <xsd:simpleType>
               <xsd:restriction base="xsd:string">
                <xsd:maxLength value="1"/>
               </xsd:restriction>
              </xsd:simpleType>
             </xsd:element>
             <xsd:element name="STDCL" minOccurs="0">
              <xsd:annotation>
               <xsd:documentation>Indicator: Standard Class</xsd:documentation>
              </xsd:annotation>
              <xsd:simpleType>
               <xsd:restriction base="xsd:string">
                <xsd:maxLength value="1"/>
               </xsd:restriction>
              </xsd:simpleType>
             </xsd:element>
            </xsd:sequence>
            <xsd:attribute name="SEGMENT" use="required">
             <xsd:simpleType>
              <xsd:restriction base="xsd:string">
               <xsd:enumeration value="1"/>
              </xsd:restriction>
             </xsd:simpleType>
            </xsd:attribute>
           </xsd:complexType>
          </xsd:element>
          <xsd:element name="E1AUSPM" minOccurs="0" maxOccurs="9999">
           <xsd:annotation>
            <xsd:documentation>Distribution of Classification: Assigned Char. Values</xsd:documentation>
           </xsd:annotation>
           <xsd:complexType>
            <xsd:sequence>
             <xsd:element name="MSGFN" minOccurs="0">
              <xsd:annotation>
               <xsd:documentation>Function</xsd:documentation>
              </xsd:annotation>
              <xsd:simpleType>
               <xsd:restriction base="xsd:string">
                <xsd:maxLength value="3"/>
               </xsd:restriction>
              </xsd:simpleType>
             </xsd:element>
             <xsd:element name="ATNAM" minOccurs="0">
              <xsd:annotation>
               <xsd:documentation>Characteristic Name</xsd:documentation>
              </xsd:annotation>
              <xsd:simpleType>
               <xsd:restriction base="xsd:string">
                <xsd:maxLength value="30"/>
               </xsd:restriction>
              </xsd:simpleType>
             </xsd:element>
             <xsd:element name="AENNR" minOccurs="0">
              <xsd:annotation>
               <xsd:documentation>Change Number</xsd:documentation>
              </xsd:annotation>
              <xsd:simpleType>
               <xsd:restriction base="xsd:string">
                <xsd:maxLength value="12"/>
               </xsd:restriction>
              </xsd:simpleType>
             </xsd:element>
             <xsd:element name="DATUV" minOccurs="0">
              <xsd:annotation>
               <xsd:documentation>Valid-From Date</xsd:documentation>
              </xsd:annotation>
              <xsd:simpleType>
               <xsd:restriction base="xsd:string">
                <xsd:maxLength value="8"/>
               </xsd:restriction>
              </xsd:simpleType>
             </xsd:element>
             <xsd:element name="ATWRT" minOccurs="0">
              <xsd:annotation>
               <xsd:documentation>Characteristic Value</xsd:documentation>
              </xsd:annotation>
              <xsd:simpleType>
               <xsd:restriction base="xsd:string">
                <xsd:maxLength value="30"/>
               </xsd:restriction>
              </xsd:simpleType>
             </xsd:element>
             <xsd:element name="ATFLV" minOccurs="0">
              <xsd:annotation>
               <xsd:documentation>Internal Floating Point From</xsd:documentation>
              </xsd:annotation>
              <xsd:simpleType>
               <xsd:restriction base="xsd:string">
                <xsd:maxLength value="22"/>
               </xsd:restriction>
              </xsd:simpleType>
             </xsd:element>
             <xsd:element name="ATAWE" minOccurs="0">
              <xsd:annotation>
               <xsd:documentation>Unit of Measurement</xsd:documentation>
              </xsd:annotation>
              <xsd:simpleType>
               <xsd:restriction base="xsd:string">
                <xsd:maxLength value="3"/>
               </xsd:restriction>
              </xsd:simpleType>
             </xsd:element>
             <xsd:element name="ATFLB" minOccurs="0">
              <xsd:annotation>
               <xsd:documentation>Internal Floating Point Value To</xsd:documentation>
              </xsd:annotation>
              <xsd:simpleType>
               <xsd:restriction base="xsd:string">
                <xsd:maxLength value="22"/>
               </xsd:restriction>
              </xsd:simpleType>
             </xsd:element>
             <xsd:element name="ATAW1" minOccurs="0">
              <xsd:annotation>
               <xsd:documentation>Unit of Measurement</xsd:documentation>
              </xsd:annotation>
              <xsd:simpleType>
               <xsd:restriction base="xsd:string">
                <xsd:maxLength value="3"/>
               </xsd:restriction>
              </xsd:simpleType>
             </xsd:element>
             <xsd:element name="ATCOD" minOccurs="0">
              <xsd:annotation>
               <xsd:documentation>Code for value dependency</xsd:documentation>
              </xsd:annotation>
              <xsd:simpleType>
               <xsd:restriction base="xsd:string">
                <xsd:maxLength value="1"/>
               </xsd:restriction>
              </xsd:simpleType>
             </xsd:element>
             <xsd:element name="ATTLV" minOccurs="0">
              <xsd:annotation>
               <xsd:documentation>Tolerance From</xsd:documentation>
              </xsd:annotation>
              <xsd:simpleType>
               <xsd:restriction base="xsd:string">
                <xsd:maxLength value="22"/>
               </xsd:restriction>
              </xsd:simpleType>
             </xsd:element>
             <xsd:element name="ATTLB" minOccurs="0">
              <xsd:annotation>
               <xsd:documentation>Tolerance To</xsd:documentation>
              </xsd:annotation>
              <xsd:simpleType>
               <xsd:restriction base="xsd:string">
                <xsd:maxLength value="22"/>
               </xsd:restriction>
              </xsd:simpleType>
             </xsd:element>
             <xsd:element name="ATPRZ" minOccurs="0">
              <xsd:annotation>
               <xsd:documentation>Indicator: Tolerance Shown as a Percentage</xsd:documentation>
              </xsd:annotation>
              <xsd:simpleType>
               <xsd:restriction base="xsd:string">
                <xsd:maxLength value="1"/>
               </xsd:restriction>
              </xsd:simpleType>
             </xsd:element>
             <xsd:element name="ATINC" minOccurs="0">
              <xsd:annotation>
               <xsd:documentation>Increment Within a Specified Interval</xsd:documentation>
              </xsd:annotation>
              <xsd:simpleType>
               <xsd:restriction base="xsd:string">
                <xsd:maxLength value="22"/>
               </xsd:restriction>
              </xsd:simpleType>
             </xsd:element>
             <xsd:element name="ATAUT" minOccurs="0">
              <xsd:annotation>
               <xsd:documentation>Classification: Author</xsd:documentation>
              </xsd:annotation>
              <xsd:simpleType>
               <xsd:restriction base="xsd:string">
                <xsd:maxLength value="1"/>
               </xsd:restriction>
              </xsd:simpleType>
             </xsd:element>
             <xsd:element name="ATIMB" minOccurs="0">
              <xsd:annotation>
               <xsd:documentation>Characteristic Number of User-Defined Data Type</xsd:documentation>
              </xsd:annotation>
              <xsd:simpleType>
               <xsd:restriction base="xsd:string">
                <xsd:maxLength value="10"/>
               </xsd:restriction>
              </xsd:simpleType>
             </xsd:element>
             <xsd:element name="ATZIS" minOccurs="0">
              <xsd:annotation>
               <xsd:documentation>Instance counter</xsd:documentation>
              </xsd:annotation>
              <xsd:simpleType>
               <xsd:restriction base="xsd:string">
                <xsd:pattern value="\d+"/>
                <xsd:maxLength value="3"/>
               </xsd:restriction>
              </xsd:simpleType>
             </xsd:element>
             <xsd:element name="UDEF_CHAR" minOccurs="0">
              <xsd:annotation>
               <xsd:documentation>Characteristic Name</xsd:documentation>
              </xsd:annotation>
              <xsd:simpleType>
               <xsd:restriction base="xsd:string">
                <xsd:maxLength value="30"/>
               </xsd:restriction>
              </xsd:simpleType>
             </xsd:element>
            </xsd:sequence>
            <xsd:attribute name="SEGMENT" use="required">
             <xsd:simpleType>
              <xsd:restriction base="xsd:string">
               <xsd:enumeration value="1"/>
              </xsd:restriction>
             </xsd:simpleType>
            </xsd:attribute>
           </xsd:complexType>
          </xsd:element>
          <xsd:element name="E1DATEM">
           <xsd:annotation>
            <xsd:documentation>Master Key Date and Change Number</xsd:documentation>
           </xsd:annotation>
           <xsd:complexType>
            <xsd:sequence>
             <xsd:element name="MSGFN" minOccurs="0">
              <xsd:annotation>
               <xsd:documentation>Function</xsd:documentation>
              </xsd:annotation>
              <xsd:simpleType>
               <xsd:restriction base="xsd:string">
                <xsd:maxLength value="3"/>
               </xsd:restriction>
              </xsd:simpleType>
             </xsd:element>
             <xsd:element name="KEY_DATE" minOccurs="0">
              <xsd:annotation>
               <xsd:documentation>Date and Time, Current (Application Server) Date</xsd:documentation>
              </xsd:annotation>
              <xsd:simpleType>
               <xsd:restriction base="xsd:string">
                <xsd:pattern value="....-..-.."/>
               </xsd:restriction>
              </xsd:simpleType>
             </xsd:element>
             <xsd:element name="AENNR" minOccurs="0">
              <xsd:annotation>
               <xsd:documentation>Change Number</xsd:documentation>
              </xsd:annotation>
              <xsd:simpleType>
               <xsd:restriction base="xsd:string">
                <xsd:maxLength value="12"/>
               </xsd:restriction>
              </xsd:simpleType>
             </xsd:element>
             <xsd:element name="EFFECTIVITY" minOccurs="0">
              <xsd:annotation>
               <xsd:documentation>Assign effectivity parameter values/ override change numbers</xsd:documentation>
              </xsd:annotation>
              <xsd:simpleType>
               <xsd:restriction base="xsd:string">
                <xsd:maxLength value="1"/>
               </xsd:restriction>
              </xsd:simpleType>
             </xsd:element>
            </xsd:sequence>
            <xsd:attribute name="SEGMENT" use="required">
             <xsd:simpleType>
              <xsd:restriction base="xsd:string">
               <xsd:enumeration value="1"/>
              </xsd:restriction>
             </xsd:simpleType>
            </xsd:attribute>
           </xsd:complexType>
          </xsd:element>
         </xsd:sequence>
         <xsd:attribute name="SEGMENT" use="required">
          <xsd:simpleType>
           <xsd:restriction base="xsd:string">
            <xsd:enumeration value="1"/>
           </xsd:restriction>
          </xsd:simpleType>
         </xsd:attribute>
        </xsd:complexType>
       </xsd:element>
      </xsd:sequence>
      <xsd:attribute name="BEGIN" use="required">
       <xsd:simpleType>
        <xsd:restriction base="xsd:string">
         <xsd:enumeration value="1"/>
        </xsd:restriction>
       </xsd:simpleType>
      </xsd:attribute>
     </xsd:complexType>
    </xsd:element>
   </xsd:sequence>
  </xsd:complexType>
 </xsd:element>
</xsd:schema>
